,cpi_0
1937-07-31,1.594490551020297e-07
1937-08-31,1.6045504283137997e-07
1937-09-30,1.594490551020297e-07
1937-10-31,1.6045504283137997e-07
1937-11-30,1.609580366960552e-07
1937-12-31,1.6146103056073038e-07
1938-01-31,1.6196402442540553e-07
1938-02-28,1.5592809804930346e-07
1938-03-31,1.5542510418462828e-07
1938-04-30,1.5542510418462828e-07
1938-05-31,1.5944905510202965e-07
1938-06-30,1.6045504283137992e-07
1938-07-31,1.629700121547558e-07
1938-08-31,1.6347300601943098e-07
1938-09-30,1.6347300601943098e-07
1938-10-31,1.6246701829008065e-07
1938-11-30,1.6347300601943098e-07
1938-12-31,1.6246701829008065e-07
1939-01-31,1.6699396307215725e-07
1939-02-28,1.6548498147813174e-07
1939-03-31,1.6397599988410618e-07
1939-04-30,1.710179139895586e-07
1939-05-31,1.7101791398955866e-07
1939-06-30,1.6900593853085798e-07
1939-07-31,1.685029446661828e-07
1939-08-31,1.679999508015076e-07
1939-09-30,1.700119262602083e-07
1939-10-31,1.7101791398955866e-07
1939-11-30,1.7252689558358416e-07
1939-12-31,1.7856282195968626e-07
1940-01-31,1.7604785263631038e-07
1940-02-29,1.7604785263631038e-07
1940-03-31,1.770538403656607e-07
1940-04-30,1.7604785263631038e-07
1940-05-31,1.740358771776097e-07
1940-06-30,1.7805982809501106e-07
1940-07-31,1.7805982809501106e-07
1940-08-31,1.7805982809501106e-07
1940-09-30,1.7755683423033585e-07
1940-10-31,1.7755683423033585e-07
1940-11-30,1.7805982809501106e-07
1940-12-31,1.790658158243614e-07
1941-01-31,1.790658158243614e-07
1941-02-28,1.7755683423033585e-07
1941-03-31,1.7755683423033585e-07
1941-04-30,1.7805982809501106e-07
1941-05-31,1.7805982809501106e-07
1941-06-30,1.790658158243614e-07
1941-07-31,1.7554485877163517e-07
1941-08-31,1.7604785263631038e-07
1941-09-30,1.770538403656607e-07
1941-10-31,1.770538403656607e-07
1941-11-30,1.7755683423033585e-07
1941-12-31,1.7856282195968626e-07
1942-01-31,1.7805982809501106e-07
1942-02-28,1.8308976674176277e-07
1942-03-31,1.8359276060643803e-07
1942-04-30,1.8359276060643803e-07
1942-05-31,1.8560473606513866e-07
1942-06-30,1.8459874833578838e-07
1942-07-31,1.8560473606513866e-07
1942-08-31,1.8258677287708762e-07
1942-09-30,1.8258677287708762e-07
1942-10-31,1.8308976674176282e-07
1942-11-30,1.8308976674176282e-07
1942-12-31,1.8459874833578838e-07
1943-01-31,1.881197053885145e-07
1943-02-28,1.9113766857656557e-07
1943-03-31,1.966706010879924e-07
1943-04-30,1.9817958268201794e-07
1943-05-31,1.9566461335864209e-07
1943-06-30,1.9314964403526615e-07
1943-07-31,1.9314964403526615e-07
1943-08-31,1.9314964403526615e-07
1943-09-30,2.001915581407186e-07
1943-10-31,2.0572449065214546e-07
1943-11-30,1.986825765466931e-07
1943-12-31,1.931496440352661e-07
1944-01-31,1.931496440352661e-07
1944-02-29,1.9164066244124064e-07
1944-03-31,1.946586256292917e-07
1944-04-30,1.961676072233172e-07
1944-05-31,2.027065274640945e-07
1944-06-30,2.0320952132876966e-07
1944-07-31,2.0320952132876966e-07
1944-08-31,2.0572449065214546e-07
1944-09-30,2.082394599755213e-07
1944-10-31,2.0974844156954682e-07
1944-11-30,2.0874245384019644e-07
1944-12-31,2.077364661108461e-07
1945-01-31,2.1125742316357238e-07
1945-02-28,2.188023311336999e-07
1945-03-31,2.2131730045707565e-07
1945-04-30,2.2081430659240053e-07
1945-05-31,2.223232881864261e-07
1945-06-30,2.263472391038275e-07
1945-07-31,2.318801716152544e-07
1945-08-31,2.449580120968089e-07
1945-09-30,2.3540112866798066e-07
1945-10-31,2.359041225326558e-07
1945-11-30,2.379160979913565e-07
1945-12-31,2.3540112866798066e-07
1946-01-31,2.404310673147324e-07
1946-02-28,2.424430427734331e-07
1946-03-31,2.454610059614841e-07
1946-04-30,2.439520243674586e-07
1946-05-31,2.499879507435606e-07
1946-06-30,2.5350890779628684e-07
1946-07-31,2.56526870984338e-07
1946-08-31,2.56526870984338e-07
1946-09-30,2.555208832549876e-07
1946-10-31,2.5602387711966285e-07
1946-11-30,2.570298648490132e-07
1946-12-31,2.665867482778415e-07
1947-01-31,2.706106991952428e-07
1947-02-28,2.781556071653704e-07
1947-03-31,2.796645887593959e-07
1947-04-30,2.912334476469249e-07
1947-05-31,2.932454231056255e-07
1947-06-30,2.952573985643263e-07
1947-07-31,2.967663801583518e-07
1947-08-31,3.012933249404284e-07
1947-09-30,2.942514108349759e-07
1947-10-31,2.942514108349759e-07
1947-11-30,2.942514108349759e-07
1947-12-31,2.947544046996511e-07
1948-01-31,2.967663801583518e-07
1948-02-29,2.932454231056255e-07
1948-03-31,2.932454231056255e-07
1948-04-30,2.912334476469249e-07
1948-05-31,2.912334476469249e-07
1948-06-30,2.8922147218822426e-07
1948-07-31,2.952573985643264e-07
1948-08-31,2.952573985643264e-07
1948-09-30,2.977723678877022e-07
1948-10-31,2.972693740230271e-07
1948-11-30,3.0129332494042845e-07
1948-12-31,3.022993126697789e-07
1949-01-31,3.138681715573078e-07
1949-02-28,3.178921224747092e-07
1949-03-31,3.194011040687348e-07
1949-04-30,3.1588014701600855e-07
1949-05-31,3.14371165421983e-07
1949-06-30,3.188981102040597e-07
1949-07-31,3.194011040687348e-07
1949-08-31,3.1537715315133335e-07
1949-09-30,2.9525739856432654e-07
1949-10-31,2.977723678877024e-07
1949-11-30,2.957603924290017e-07
1949-12-31,2.967663801583521e-07
1950-01-31,2.932454231056259e-07
1950-02-28,2.952573985643266e-07
1950-03-31,2.967663801583521e-07
1950-04-30,2.9978434334640305e-07
1950-05-31,2.932454231056258e-07
1950-06-30,2.9626338629367684e-07
1950-07-31,2.967663801583521e-07
1950-08-31,2.9475440469965144e-07
1950-09-30,2.927424292409508e-07
1950-10-31,2.9676638015835215e-07
1950-11-30,3.0330530039912937e-07
1950-12-31,3.0330530039912937e-07
1951-01-31,3.1235918996328255e-07
1951-02-28,3.1235918996328255e-07
1951-03-31,3.1135320223393214e-07
1951-04-30,3.375088831970411e-07
1951-05-31,3.380118770617164e-07
1951-06-30,3.405268463850922e-07
1951-07-31,3.405268463850922e-07
1951-08-31,3.450537911671688e-07
1951-09-30,3.546106745959971e-07
1951-10-31,3.5813163164872335e-07
1951-11-30,3.651735457541757e-07
1951-12-31,3.666825273482013e-07
1952-01-31,3.65676539618851e-07
1952-02-29,3.7422743531832885e-07
1952-03-31,3.797603678297557e-07
1952-04-30,3.8177234328845653e-07
1952-05-31,3.812693494237812e-07
1952-06-30,3.8479030647650753e-07
1952-07-31,3.9032323898793445e-07
1952-08-31,3.888142573939089e-07
1952-09-30,3.968621592287118e-07
1952-10-31,3.968621592287118e-07
1952-11-30,4.018920978754634e-07
1952-12-31,4.069220365222151e-07
1953-01-31,4.0641904265754e-07
1953-02-28,4.008861101461131e-07
1953-03-31,4.023950917401386e-07
1953-04-30,4.039040733341641e-07
1953-05-31,4.09437005845591e-07
1953-06-30,4.054130549281896e-07
1953-07-31,4.079280242515654e-07
1953-08-31,4.089340119809158e-07
1953-09-30,4.235208340564958e-07
1953-10-31,4.245268217858462e-07
1953-11-30,4.260358033798716e-07
1953-12-31,4.44646576372853e-07
1954-01-31,4.396166377261013e-07
1954-02-28,4.4062262545545166e-07
1954-03-31,4.421316070494771e-07
1954-04-30,4.506825027489551e-07
1954-05-31,4.56215435260382e-07
1954-06-30,4.728142327946626e-07
1954-07-31,4.652693248245351e-07
1954-08-31,4.597363923131082e-07
1954-09-30,4.76838183712064e-07
1954-10-31,4.813651284941406e-07
1954-11-30,4.833771039528412e-07
1954-12-31,4.803591407647902e-07
1955-01-31,4.879040487349177e-07
1955-02-28,4.874010548702426e-07
1955-03-31,4.904190180582937e-07
1955-04-30,4.909220119229688e-07
1955-05-31,4.934369812463447e-07
1955-06-30,4.9393997511102e-07
1955-07-31,5.070178155925743e-07
1955-08-31,5.170776928860778e-07
1955-09-30,5.050058401338737e-07
1955-10-31,5.135567358333515e-07
1955-11-30,5.175806867507531e-07
1955-12-31,5.306585272323074e-07
1956-01-31,5.336764904203584e-07
1956-02-29,5.311615210969827e-07
1956-03-31,5.236166131268551e-07
1956-04-30,5.18083680615428e-07
1956-05-31,5.397124167964605e-07
1956-06-30,5.336764904203583e-07
1956-07-31,5.361914597437342e-07
1956-08-31,5.311615210969826e-07
1956-09-30,5.301555333676323e-07
1956-10-31,5.517842695486648e-07
1956-11-30,5.532932511426903e-07
1956-12-31,5.623471407068435e-07
1957-01-31,5.721052216815416e-07
1957-02-28,5.779399505117738e-07
1957-03-31,5.719040241356718e-07
1957-04-30,5.688860609476208e-07
1957-05-31,5.749219873237229e-07
1957-06-30,6.317602940320174e-07
1957-07-31,6.42826159054871e-07
1957-08-31,6.347782572200684e-07
1957-09-30,6.403111897314953e-07
1957-10-31,6.42323165190196e-07
1957-11-30,6.649578891005787e-07
1957-12-31,6.664668706946042e-07
1958-01-31,6.770297418527829e-07
1958-02-28,6.77029741852783e-07
1958-03-31,6.875926130109614e-07
1958-04-30,7.082153614626437e-07
1958-05-31,7.087183553273187e-07
1958-06-30,7.09724343056669e-07
1958-07-31,7.222991896735484e-07
1958-08-31,7.192812264854974e-07
1958-09-30,7.439279258545809e-07
1958-10-31,7.524788215540589e-07
1958-11-30,7.781315086524926e-07
1958-12-31,7.967422816454742e-07
1959-01-31,8.304428705787107e-07
1959-02-28,8.777242938581769e-07
1959-03-31,9.129338643854392e-07
1959-04-30,9.12933864385439e-07
1959-05-31,9.582033122062044e-07
1959-06-30,1.0150416189144991e-06
1959-07-31,1.0427062814716337e-06
1959-08-31,1.080430821322272e-06
1959-09-30,1.0990415943152533e-06
1959-10-31,1.0970296188565524e-06
1959-11-30,1.1020595575033044e-06
1959-12-31,1.183544563580683e-06
1960-01-31,1.2162391647845692e-06
1960-02-29,1.2690535205754623e-06
1960-03-31,1.2428978396123532e-06
1960-04-30,1.2690535205754628e-06
1960-05-31,1.297724170861947e-06
1960-06-30,1.3535564898408914e-06
1960-07-31,1.3832331278567263e-06
1960-08-31,1.4823229191977358e-06
1960-09-30,1.5552570295756358e-06
1960-10-31,1.5909695939675732e-06
1960-11-30,1.5034486615140928e-06
1960-12-31,1.6131013240132808e-06
1961-01-31,1.6860354343911808e-06
1961-02-28,1.6794965141504036e-06
1961-03-31,1.6422749681644408e-06
1961-04-30,1.6236641951714592e-06
1961-05-31,1.7041432135194875e-06
1961-06-30,1.7111851276249396e-06
1961-07-31,1.7318078760766216e-06
1961-08-31,1.7408617656407752e-06
1961-09-30,1.760981520227782e-06
1961-10-31,1.7559515815810307e-06
1961-11-30,1.7730533729799865e-06
1961-12-31,1.7790892993560887e-06
1962-01-31,1.8248617410415293e-06
1962-02-28,1.8314006612823065e-06
1962-03-31,1.8344186244703576e-06
1962-04-30,1.835424612199708e-06
1962-05-31,1.846490477222562e-06
1962-06-30,1.870131188862295e-06
1962-07-31,1.917915606006436e-06
1962-08-31,1.935520391270068e-06
1962-09-30,1.9571491274511004e-06
1962-10-31,2.006945520053942e-06
1962-11-30,1.997388636625115e-06
1962-12-31,1.9782748697674576e-06
1963-01-31,1.962682059962528e-06
1963-02-28,1.917915606006437e-06
1963-03-31,2.030586231693676e-06
1963-04-30,2.13118500462871e-06
1963-05-31,2.127161053711308e-06
1963-06-30,2.229771802105044e-06
1963-07-31,2.32081369161125e-06
1963-08-31,2.369101102620067e-06
1963-09-30,2.464166943043675e-06
1963-10-31,2.616574084040252e-06
1963-11-30,2.6653644889137443e-06
1963-12-31,2.841412341550055e-06
1964-01-31,2.8489572495201824e-06
1964-02-29,2.92843028013886e-06
1964-03-31,3.0385859365027223e-06
1964-04-30,3.054178746307653e-06
1964-05-31,3.073795507029985e-06
1964-06-30,3.215639776868383e-06
1964-07-31,3.285555924058233e-06
1964-08-31,3.3977235558807966e-06
1964-09-30,3.50787921224466e-06
1964-10-31,3.562202549629578e-06
1964-11-30,3.658777371647212e-06
1964-12-31,3.847903064765076e-06
1965-01-31,3.975663506392571e-06
1965-02-28,4.113483825313568e-06
1965-03-31,4.300597542972734e-06
1965-04-30,4.401196315907768e-06
1965-05-31,4.499783113384101e-06
1965-06-30,4.817172241994136e-06
1965-07-31,4.968070401396689e-06
1965-08-31,5.283447554548022e-06
1965-09-30,5.730609100244251e-06
1965-10-31,5.966513222776909e-06
1965-11-30,6.4252436273606665e-06
1965-12-31,7.234057761758345e-06
1966-01-31,7.454872068350746e-06
1966-02-28,7.630919920987057e-06
1966-03-31,7.8265845343457e-06
1966-04-30,8.192261073964551e-06
1966-05-31,8.313985589215945e-06
1966-06-30,8.964859650105618e-06
1966-07-31,9.06998536782273e-06
1966-08-31,9.309913441272787e-06
1966-09-30,9.555877441098948e-06
1966-10-31,9.865721661738856e-06
1966-11-30,1.0066919207608924e-05
1966-12-31,1.080632018868143e-05
1967-01-31,1.1396834985810084e-05
1967-02-28,1.2670415451167625e-05
1967-03-31,1.3338391303456258e-05
1967-04-30,1.3667349290953825e-05
1967-05-31,1.3769960039347556e-05
1967-06-30,1.475331304478752e-05
1967-07-31,1.7097264454173833e-05
1967-08-31,1.819479706689506e-05
1967-09-30,1.9816952280472493e-05
1967-10-31,2.082143102822881e-05
1967-11-30,2.1624712230115056e-05
1967-12-31,2.5492232055602475e-05
1968-01-31,2.956497337787735e-05
1968-02-29,3.152363148692248e-05
1968-03-31,3.3039152001188776e-05
1968-04-30,3.424331931322114e-05
1968-05-31,3.675577366727363e-05
1968-06-30,4.173088598277577e-05
1968-07-31,4.197684998260193e-05
1968-08-31,4.127014360273331e-05
1968-09-30,4.0842598817759416e-05
1968-10-31,4.167706563925552e-05
1968-11-30,4.1617209369359176e-05
1968-12-31,4.239936482892908e-05
1969-01-31,4.290839461998035e-05
1969-02-28,4.336511304910541e-05
1969-03-31,4.429615469261916e-05
1969-04-30,4.5498310029192826e-05
1969-05-31,4.537809449553546e-05
1969-06-30,4.571660936646186e-05
1969-07-31,4.641174688744295e-05
1969-08-31,4.67854713288966e-05
1969-09-30,4.695598624902149e-05
1969-10-31,4.797806978204144e-05
1969-11-30,4.817574637085876e-05
1969-12-31,4.855701572028256e-05
1970-01-31,4.989447640645383e-05
1970-02-28,5.050812892135754e-05
1970-03-31,5.133655981647756e-05
1970-04-30,5.1984918908043856e-05
1970-05-31,5.288477493194774e-05
1970-06-30,5.330477480895151e-05
1970-07-31,5.3847002195071335e-05
1970-08-31,5.407133745871646e-05
1970-09-30,5.476999593675027e-05
1970-10-31,5.5249852083650416e-05
1970-11-30,5.6091863813116646e-05
1970-12-31,5.87184977744504e-05
1971-01-31,5.902834199509029e-05
1971-02-28,6.051317988361142e-05
1971-03-31,6.114242520832006e-05
1971-04-30,6.163032925705497e-05
1971-05-31,6.263681998026998e-05
1971-06-30,6.441590927962607e-05
1971-07-31,6.580769330318225e-05
1971-08-31,6.67447708730721e-05
1971-09-30,6.829902191491838e-05
1971-10-31,7.284608645158194e-05
1971-11-30,7.365137962892689e-05
1971-12-31,7.965410840996042e-05
1972-01-31,8.326208340127543e-05
1972-02-29,8.770452521408656e-05
1972-03-31,9.45432297982102e-05
1972-04-30,0.0001051760171035
1972-05-31,0.0001084998005613
1972-06-30,0.0001112697877741
1972-07-31,0.0001173866961624
1972-08-31,0.0001229266705879
1972-09-30,0.0001247751730406
1972-10-31,0.0001414413717527
1972-11-30,0.0001533673562842
1972-12-31,0.0001550921222462
1973-01-31,0.0001866479453404
1973-02-28,0.0001904807585893
1973-03-31,0.0001941878233719
1973-04-30,0.0001984599554861
1973-05-31,0.0002040914023639
1973-06-30,0.000211470539652
1973-07-31,0.0002438999061551
1973-08-31,0.000253220921677
1973-09-30,0.0002623477493755
1973-10-31,0.0002753583335414
1973-11-30,0.0002724455161908
1973-12-31,0.0002753583335414
1974-01-31,0.0003215750355039
1974-02-28,0.0003297309240855
1974-03-31,0.0003396345030775
1974-04-30,0.000348761330776
1974-05-31,0.0003580823462978
1974-06-30,0.0003714813061105
1974-07-31,0.0003994443526761
1974-08-31,0.0004149793785458
1974-09-30,0.0004462436181087
1974-10-31,0.000477702045495
1974-11-30,0.0005270257526314
1974-12-31,0.0005705238250668
1975-01-31,0.0005825634701158
1975-02-28,0.0006295569233718
1975-03-31,0.0006553839038803
1975-04-30,0.0006782980670382
1975-05-31,0.0007027657327831
1975-06-30,0.0007165530682425
1975-07-31,0.0007338357845226
1975-08-31,0.0007569441355038
1975-09-30,0.0008019957105261
1975-10-31,0.0008340367013825
1975-11-30,0.0008544264228366
1975-12-31,0.0009519087101693
1976-01-31,0.0009602587865743
1976-02-29,0.0009655018578053
1976-03-31,0.000982590386262
1976-04-30,0.001002397544246
1976-05-31,0.0010253117074039
1976-06-30,0.0010375455402763
1976-07-31,0.0011175509235056
1976-08-31,0.0011808561539248
1976-09-30,0.0012342578053521
1976-10-31,0.0012740663091434
1976-11-30,0.0012901838984832
1976-12-31,0.0013323226561549
1977-01-31,0.0013956278865742
1977-02-28,0.0014847600975019
1977-03-31,0.0015325303020514
1977-04-30,0.0015869028925956
1977-05-31,0.001646130178724
1977-06-30,0.0017195331759586
1977-07-31,0.0018071118842994
1977-08-31,0.0018665333582512
1977-09-30,0.0019678994020513
1977-10-31,0.0020354767645848
1977-11-30,0.002064799125914
1977-12-31,0.0020954808020067
1978-01-31,0.002120142655575
1978-02-28,0.0021778164391164
1978-03-31,0.0022364611617748
1978-04-30,0.0023539447949148
1978-05-31,0.002418803527921
1978-06-30,0.0024885169565116
1978-07-31,0.0025720177205615
1978-08-31,0.0026619266827827
1978-09-30,0.0027698951125775
1978-10-31,0.0028737855980815
1978-11-30,0.0029153417922831
1978-12-31,0.0030596233450485
1979-01-31,0.0032312853809093
1979-02-28,0.0033844995735498
1979-03-31,0.0034720782818905
1979-04-30,0.0036301471701153
1979-05-31,0.0038897762899636
1979-06-30,0.0040530882494194
1979-07-31,0.0041907674161901
1979-08-31,0.0045923478349233
1979-09-30,0.0048034299989286
1979-10-31,0.0049669361462078
1979-11-30,0.0053168626039241
1979-12-31,0.0056032896433977
1980-01-31,0.0058077694214084
1980-02-29,0.0060631264091425
1980-03-31,0.0061825519205163
1980-04-30,0.0063412033722112
1980-05-31,0.0065612181760916
1980-06-30,0.006799486635369
1980-07-31,0.0071814540839416
1980-08-31,0.0073669034552618
1980-09-30,0.0075197292722556
1980-10-31,0.0078290704748871
1980-11-30,0.0079380098437988
1980-12-31,0.0080026743889816
1981-01-31,0.008177249242193
1981-02-28,0.0083852244010244
1981-03-31,0.0085764994070458
1981-04-30,0.0087448602499092
1981-05-31,0.0089149687831831
1981-06-30,0.0091652768875095
1981-07-31,0.009447431794869
1981-08-31,0.009772696399017
1981-09-30,0.0099816424969652
1981-10-31,0.0101849571480357
1981-11-30,0.0103496284222551
1981-12-31,0.0103523470517823
1982-01-31,0.0104616747963407
1982-02-28,0.010516629950355
1982-03-31,0.0104880843403193
1982-04-30,0.0106640185082943
1982-05-31,0.0107622775469205
1982-06-30,0.0108999567136912
1982-07-31,0.0112003652764476
1982-08-31,0.0113687261193111
1982-09-30,0.0114526152590078
1982-10-31,0.0115549522419248
1982-11-30,0.011487180691568
1982-12-31,0.0124779269664117
1983-01-31,0.0144017457325577
1983-02-28,0.0148029377756441
1983-03-31,0.0149860568930839
1983-04-30,0.0155820193230124
1983-05-31,0.0157026099613264
1983-06-30,0.0160441863426377
1983-07-31,0.016416056024395
1983-08-31,0.0169325956345644
1983-09-30,0.0177656613968301
1983-10-31,0.0186925198777844
1983-11-30,0.0186997048272492
1983-12-31,0.0189053497322001
1984-01-31,0.020268936627918
1984-02-29,0.0210891859938411
1984-03-31,0.0215690241053932
1984-04-30,0.0225488958621281
1984-05-31,0.0235670226200673
1984-06-30,0.0250607153574443
1984-07-31,0.0265965468524931
1984-08-31,0.0276597251854546
1984-09-30,0.0284943444503073
1984-10-31,0.0300703728247941
1984-11-30,0.0306201185527601
1984-12-31,0.0314065792374165
1985-01-31,0.0329340606560603
1985-02-28,0.0340001518063723
1985-03-31,0.0362148639319295
1985-04-30,0.0398349133352295
1985-05-31,0.0414808493261302
1985-06-30,0.0427215531592613
1985-07-31,0.0456436536957548
1985-08-31,0.0473631868717135
1985-09-30,0.0490198031928996
1985-10-31,0.0509979945495897
1985-11-30,0.0543867662552537
1985-12-31,0.0574830910989196
1986-01-31,0.0607308857460085
1986-02-28,0.0629497330624268
1986-03-31,0.0663354871281532
1986-04-30,0.0695660368479124
1986-05-31,0.0712330464897811
1986-06-30,0.0746935285739361
1986-07-31,0.0793956454258277
1986-08-31,0.0828101410371035
1986-09-30,0.0865235487220937
1986-10-31,0.0910129781369193
1986-11-30,0.0951402640778218
1986-12-31,0.0980948949603063
1987-01-31,0.1019635069912635
1987-02-28,0.1054009958389789
1987-03-31,0.1127645798087505
1987-04-30,0.1156272377454767
1987-05-31,0.1180300309534115
1987-06-30,0.1232954820980726
1987-07-31,0.1312224003606136
1987-08-31,0.1356198568296809
1987-09-30,0.1390171075136271
1987-10-31,0.1456966426993216
1987-11-30,0.1521232522841807
1987-12-31,0.15429036481861
1988-01-31,0.160090408710491
1988-02-29,0.1661146366576578
1988-03-31,0.1740185616837592
1988-04-30,0.1824973176208498
1988-05-31,0.1867510663621699
1988-06-30,0.1961553000659532
1988-07-31,0.2127334235388815
1988-08-31,0.2198555785260377
1988-09-30,0.229098859574744
1988-10-31,0.2453895675921778
1988-11-30,0.2562653684280934
1988-12-31,0.260760546152029
1989-01-31,0.2714294078599883
1989-02-28,0.2887318182807632
1989-03-31,0.3088451518562751
1989-04-30,0.3250553835461705
1989-05-31,0.3345745834321516
1989-06-30,0.3600165995525333
1989-07-31,0.3811243906040565
1989-08-31,0.3979956778415895
1989-09-30,0.4174766974150133
1989-10-31,0.4479312390792209
1989-11-30,0.4661763721940179
1989-12-31,0.4932968945744881
1990-01-31,0.5182962908934082
1990-02-28,0.5538265895016504
1990-03-31,0.6035207217566664
1990-04-30,0.6458455217328009
1990-05-31,0.6820253792704608
1990-06-30,0.7474008987772621
1990-07-31,0.7895704944074293
1990-08-31,0.8335278141707733
1990-09-30,0.9557311175379662
1990-10-31,1.017571426942184
1990-11-30,1.071312368810564
1990-12-31,1.1294335222206815
1991-01-31,1.2110595115811476
1991-02-28,1.2534590395757108
1991-03-31,1.3160811190188737
1991-04-30,1.3667409672043511
1991-05-31,1.4858286870339827
1991-06-30,1.5496119249173437
1991-07-31,1.6171085704856951
1991-08-31,1.718738675548585
1991-09-30,1.8303420969171376
1991-10-31,1.898505546342237
1991-11-30,1.987569847690903
1991-12-31,2.0493871638586807
1992-01-31,2.15639193793932
1992-02-29,2.20850036002049
1992-03-31,2.352748428824119
1992-04-30,2.4496649204168977
1992-05-31,2.563596406974956
1992-06-30,2.632461150111462
1992-07-31,2.7509682907209942
1992-08-31,2.8705906032978463
1992-09-30,2.990368120220665
1992-10-31,3.1006494304939425
1992-11-30,3.153183227449245
1992-12-31,3.2566297981908607
1993-01-31,3.386955462330332
1993-02-28,3.5051234527023816
1993-03-31,3.6308389729357184
1993-04-30,3.780697391430602
1993-05-31,3.9586592931637465
1993-06-30,4.117209155032787
1993-07-31,4.241366883497343
1993-08-31,4.411217921076431
1993-09-30,4.57404452492323
1993-10-31,4.673886331022033
1993-11-30,4.801735048766051
1993-12-31,4.978190893512405
1994-01-31,5.147737270708667
1994-02-28,5.221304130697066
1994-03-31,5.369058668057727
1994-04-30,5.55826426240982
1994-05-31,5.711640646079958
1994-06-30,5.872104694882592
1994-07-31,6.057798072368542
1994-08-31,6.247492272994977
1994-09-30,6.460984473336364
1994-10-31,6.6870712189375245
1994-11-30,6.950251803224817
1994-12-31,7.17414844305511
1995-01-31,7.405408666855172
1995-02-28,7.531923202054785
1995-03-31,7.802381145675202
1995-04-30,8.077949336094312
1995-05-31,8.257233348922732
1995-06-30,8.507871122732238
1995-07-31,8.720616042889342
1995-08-31,9.018223250435776
1995-09-30,9.190126434367096
1995-10-31,9.3291320452625
1995-11-30,9.51100854549948
1995-12-31,9.71633239859571
1996-01-31,9.91319474068218
1996-02-29,10.061702306536237
1996-03-31,10.254621308573322
1996-04-30,10.546411227300547
1996-05-31,10.767318746393697
1996-06-30,10.906289867434444
1996-07-31,11.088200857526086
1996-08-31,11.326508508294877
1996-09-30,11.60941728944732
1996-10-31,11.792776853434654
1996-11-30,11.934656618885006
1996-12-31,12.081014317131965
1997-01-31,12.320235949049229
1997-02-28,12.521748673205604
1997-03-31,12.681534421533271
1997-04-30,12.861612210319043
1997-05-31,13.034081078451896
1997-06-30,13.20401363970044
1997-07-31,13.380286968159751
1997-08-31,13.483007396974171
1997-09-30,13.590800439557205
1997-10-31,13.69605717525593
1997-11-30,13.811459138491884
1997-12-31,13.91291141386415
1998-01-31,14.10693889051361
1998-02-28,14.189368864253575
1998-03-31,14.245167615708324
1998-04-30,14.33140204977475
1998-05-31,14.412563870072564
1998-06-30,14.54952444182512
1998-07-31,14.734674844379509
1998-08-31,14.85007680761546
1998-09-30,14.947724622661266
1998-10-31,15.051713204917837
1998-11-30,15.099903035719665
1998-12-31,15.11385272358335
1999-01-31,15.212768692071307
1999-02-28,15.239399914356529
1999-03-31,15.272371903852514
1999-04-30,15.40425986183646
1999-05-31,15.428354777237375
1999-06-30,15.4385000047746
1999-07-31,15.498103216555808
1999-08-31,15.555170121452708
1999-09-30,15.558974581779164
1999-10-31,15.609700719465298
1999-11-30,15.609700719465298
1999-12-31,15.744124984333553
2000-01-31,15.803728196114758
2000-02-29,15.8569906406852
2000-03-31,15.954638455731006
2000-04-30,16.024386895049435
2000-05-31,16.097939794694327
2000-06-30,16.177833461549987
2000-07-31,16.238704826773347
2000-08-31,16.32367110739762
2000-09-30,16.387078779505288
2000-10-31,16.499944435856932
2000-11-30,16.507553356509845
2000-12-31,16.539257192563678
2001-01-31,16.593787790576272
2001-02-28,16.641977621378096
2001-03-31,16.70411714004361
2001-04-30,16.839809558354016
2001-05-31,16.946334447494895
2001-06-30,16.87151339440785
2001-07-31,17.01988734713979
2001-08-31,16.971697516337965
2001-09-30,17.02369180746625
2001-10-31,17.06934533138377
2001-11-30,17.083295019247455
2001-12-31,17.132753003491434
2002-01-31,17.282395109665526
2002-02-28,17.39779707290148
2002-03-31,17.551243639402035
2002-04-30,17.834041857002227
2002-05-31,18.04582348184184
2002-06-30,18.365398149264472
2002-07-31,19.25817817254041
2002-08-31,20.380493968846107
2002-09-30,21.015838843364925
2002-10-31,21.218743394109456
2002-11-30,21.310050441944497
2002-12-31,21.57763081823885
2003-01-31,21.980903612843605
2003-02-28,22.27891967174964
2003-03-31,22.55537712213906
2003-04-30,22.76969505386297
2003-05-31,22.854661334487243
2003-06-30,22.891437784309687
2003-07-31,23.00557159410349
2003-08-31,23.27315197039784
2003-09-30,23.45957052639438
2003-10-31,23.58258141028325
2003-11-30,23.62062601354785
2003-12-31,23.77534073349056
2004-01-31,24.295283644773424
2004-02-29,24.299088105099884
2004-03-31,24.444925750947515
2004-04-30,24.746746270180008
2004-05-31,25.004181418937137
2004-06-30,25.0866113926771
2004-07-31,25.340242081107768
2004-08-31,25.639526293455955
2004-09-30,25.709274732774382
2004-10-31,25.624308452150117
2004-11-30,25.55709631971599
2004-12-31,25.57992308167475
2005-01-31,25.6763027432784
2005-02-28,25.675034589836244
2005-03-31,25.785363939303583
2005-04-30,26.050408008713628
2005-05-31,26.055480622482246
2005-06-30,26.12522906180068
2005-07-31,26.46128972397131
2005-08-31,26.517088475426057
2005-09-30,26.723797486497045
2005-10-31,26.80749561367917
2005-11-30,26.77579177762533
2005-12-31,26.834126835964387
2006-01-31,27.200623180746696
2006-02-28,27.381969122974624
2006-03-31,27.4694717104832
2006-04-30,27.612773049446528
2006-05-31,27.786510071021528
2006-06-30,27.875280811972264
2006-07-31,28.112425505654933
2006-08-31,28.33435235803176
2006-09-30,28.48653077109016
2006-10-31,28.42946386619326
2006-11-30,28.43960909373048
2006-12-31,28.54613398287136
2007-01-31,29.052127206290542
2007-02-28,29.22966868819201
2007-03-31,29.492176450717743
2007-04-30,29.85233202828929
2007-05-31,30.079331494434733
2007-06-30,30.11991240458364
2007-07-31,30.36847047924569
2007-08-31,30.89348600429717
2007-09-30,31.02156950195466
2007-10-31,30.95055290919408
2007-11-30,30.87953631643349
2007-12-31,30.973379671152838
2008-01-31,31.214328825161967
2008-02-29,31.499663349646468
2008-03-31,31.85981892721801
2008-04-30,31.965075662916732
2008-05-31,32.24406942019047
2008-06-30,32.65748744233245
2008-07-31,32.80332508818009
2008-08-31,33.13684944346642
2008-09-30,33.33594953388449
2008-10-31,33.44627888335183
2008-11-30,33.5086339881025
2008-12-31,33.820384148787056
2009-01-31,34.087964525081404
2009-02-28,33.996657477246366
2009-03-31,34.257897086329955
2009-04-30,34.24394739846626
2009-05-31,34.38344427710314
2009-06-30,34.77403553728636
2009-07-31,35.11770512010991
2009-08-31,35.5501454438842
2009-09-30,35.63257541762416
2009-10-31,35.628770957297704
2009-11-30,35.64906141237216
2009-12-31,35.81645766673639
2010-01-31,36.15125017546488
2010-02-28,36.35288657276725
2010-03-31,36.69782430903295
2010-04-30,36.76250013458277
2010-05-31,36.82083519292184
2010-06-30,36.9248237751784
2010-07-31,37.32556026289885
2010-08-31,37.77195027453683
2010-09-30,37.88481593088847
2010-10-31,38.12830139178192
2010-11-30,38.09913386261239
2010-12-31,38.29950210647261
2011-01-31,38.77824588280352
2011-02-28,39.142091152815006
2011-03-31,39.69743393335886
2011-04-30,39.83148219073151
2011-05-31,39.96170049789352
2011-06-30,40.10340865568747
2011-07-31,40.4059747223286
2011-08-31,40.63194178475679
2011-09-30,40.83875909613175
2011-10-31,41.12983531214094
2011-11-30,41.30218307162007
2011-12-31,41.59325928762926
2012-01-31,41.89965530448104
2012-02-29,42.24818077364994
2012-03-31,42.665645346610496
2012-04-30,43.0141708157794
2012-05-31,43.18268862504788
2012-06-30,43.31290693220989
2012-07-31,43.42780543852931
2012-08-31,43.83378016085793
2012-09-30,44.366143240137895
2012-10-31,44.87552661815398
2012-11-30,45.03255457679052
2012-12-31,44.70317885867485
2013-01-31,45.55342780543855
2013-02-28,46.00536193029493
2013-03-31,46.30792799693605
2013-04-30,46.51474530831101
2013-05-31,46.66411336652624
2013-06-30,46.86710072769055
2013-07-31,47.22711604749139
2013-08-31,47.71734967445424
2013-09-30,48.36844121026427
2013-10-31,48.76675603217159
2013-11-30,48.866334737648415
2013-12-31,48.51397931826887
2014-01-31,49.69743393335887
2014-02-28,50.52087322864803
2014-03-31,50.81577939486787
2014-04-30,50.78513979318268
2014-05-31,50.94599770202987
2014-06-30,51.12217541171964
2014-07-31,51.50517043278436
2014-08-31,51.89199540405974
2014-09-30,52.41286863270776
2014-10-31,52.72309459977019
2014-11-30,52.79969360398314
2014-12-31,52.52010723860588
2015-01-31,53.684412102642646
2015-02-28,54.27422443508233
2015-03-31,54.6533895059364
2015-04-30,54.96361547299883
2015-05-31,55.23171198774415
2015-06-30,55.48065875143622
2015-07-31,56.1509000382995
2015-08-31,56.81348142474147
2015-09-30,57.204136346227486
2015-10-31,57.54883186518573
2015-11-30,57.79394867866717
2015-12-31,57.47606281118344
2016-01-31,58.88165453849099
2016-02-29,59.82382229031021
2016-03-31,60.44427422443506
2016-04-30,60.72003063960167
2016-05-31,61.3060130218307
2016-06-30,61.55112983531213
2016-07-31,61.79241669858291
2016-08-31,62.14477211796245
2016-09-30,62.29797012638835
2016-10-31,62.41286863270778
2016-11-30,62.47414783607814
2016-12-31,62.13328226733053
2017-01-31,63.74952125622368
2017-02-28,64.06740712370741
2017-03-31,64.50019149751054
2017-04-30,64.64189965530448
2017-05-31,64.72615855993872
2017-06-30,64.82190731520491
2017-07-31,65.02872462657986
2017-08-31,65.53044810417465
2017-09-30,65.8828035235542
2017-10-31,66.18536959019534
2017-11-30,66.40750670241287
2017-12-31,66.20451934124858
2018-01-31,68.00076599004214
2018-02-28,68.59823822290312
2018-03-31,68.78973573343549
2018-04-30,68.83569513596325
2018-05-31,69.39486786671776
2018-06-30,70.08042895442361
2018-07-31,70.49789352738416
2018-08-31,70.97280735350442
2018-09-30,71.32516277288396
2018-10-31,71.48985063194179
2018-11-30,71.75028724626581
2018-12-31,71.47453083109922
2019-01-31,73.02566066641135
2019-02-28,73.73803140559174
2019-03-31,74.14400612792035
2019-04-30,74.46189199540406
2019-05-31,74.7567981616239
2019-06-30,75.2355419379548
2019-07-31,75.8100344695519
2019-08-31,76.48027575641517
2019-09-30,76.87476062811183
2019-10-31,77.45308310991956
2019-11-30,77.77862887782459
2019-12-31,77.7556491765607
2020-01-31,79.38337801608579
2020-02-29,79.86978169283798
2020-03-31,80.93450785139791
2020-04-30,82.55074684029105
2020-05-31,83.01800076599001
2020-06-30,83.0333205668326
2020-07-31,83.48908464189962
2020-08-31,83.96782841823052
2020-09-30,84.50402144772113
2020-10-31,84.99425507468399
2020-11-30,85.23554193795478
2020-12-31,85.07468402910759
2021-01-31,86.438146304098
2021-02-28,87.1505170432784
2021-03-31,87.686710072769
2021-04-30,88.12715434699344
2021-05-31,88.5292991191114
2021-06-30,89.11911145155108
2021-07-31,89.5825354270394
2021-08-31,90.3446955189582
2021-09-30,90.76216009191876
2021-10-31,91.704327843738
2021-11-30,91.9379548065875
2021-12-31,91.84603600153196
2022-01-31,93.48525469168898
2022-02-28,94.86020681731134
2022-03-31,95.90961317502868
2022-04-30,96.38069705093832
2022-05-31,96.82880122558404
2022-06-30,97.39563385675984
2022-07-31,98.1463040980467
2022-08-31,98.95825354270391
2022-09-30,99.7893527384144
2022-10-31,100.0
2022-11-30,99.719979
2022-12-31,99.4653644
2023-01-31,101.01060772
2023-02-28,102.02405309
2023-03-31,102.94352236
2023-04-30,103.71355287
2023-05-31,103.70316046
2023-06-30,103.22262235
2023-07-31,102.84923498
2023-08-31,103.02606824
2023-09-30,103.6550344
2023-10-31,104.30366481
2023-11-30,104.66158934
2023-12-31,104.55
2024-01-31,106.14984556
2024-02-29,106.83193513
2024-03-31,106.85362308
2024-04-30,107.5252088
2024-05-31,107.95320567
2024-06-30,108.33773567
2024-07-31,108.45313268
2024-08-31,108.76308401
2024-09-30,109.17063321
2024-10-31,109.52643381
2024-11-30,109.92131821
2024-12-31,110.29223212
